j,n,d,k,value,positive
1,0,2,0,1,True
1,0,2,1,2,True
1,1,3,0,1,True
1,1,3,1,4,True
1,2,4,0,1,True
1,2,4,1,6,True
1,3,5,0,1,True
1,3,5,1,8,True
1,4,6,0,1,True
1,4,6,1,10,True
1,5,7,0,1,True
1,5,7,1,12,True
1,6,8,0,1,True
1,6,8,1,14,True
1,7,9,0,1,True
1,7,9,1,16,True
1,8,10,0,1,True
1,8,10,1,18,True
2,0,3,0,1,True
2,0,3,1,71/8,True
2,0,3,2,28,True
2,0,3,3,32,True
2,1,4,0,1,True
2,1,4,1,59/4,True
2,1,4,2,78,True
2,1,4,3,144,True
2,2,5,0,1,True
2,2,5,1,165/8,True
2,2,5,2,152,True
2,2,5,3,384,True
2,3,6,0,1,True
2,3,6,1,53/2,True
2,3,6,2,250,True
2,3,6,3,800,True
2,4,7,0,1,True
2,4,7,1,259/8,True
2,4,7,2,372,True
2,4,7,3,1440,True
2,5,8,0,1,True
2,5,8,1,153/4,True
2,5,8,2,518,True
2,5,8,3,2352,True
2,6,9,0,1,True
2,6,9,1,353/8,True
2,6,9,2,688,True
2,6,9,3,3584,True
2,7,10,0,1,True
2,7,10,1,50,True
2,7,10,2,882,True
2,7,10,3,5184,True
2,8,11,0,1,True
2,8,11,1,447/8,True
2,8,11,2,1100,True
2,8,11,3,7200,True
3,0,4,0,1,True
3,0,4,1,47/2,True
3,0,4,2,3863/16,True
3,0,4,3,1383,True
3,0,4,4,4644,True
3,0,4,5,8640,True
3,0,4,6,6912,True
3,1,5,0,1,True
3,1,5,1,281/8,True
3,1,5,2,26065/48,True
3,1,5,3,42113/9,True
3,1,5,4,210928/9,True
3,1,5,5,64000,True
3,1,5,6,73728,True
3,2,6,0,1,True
3,2,6,1,187/4,True
3,2,6,2,7691/8,True
3,2,6,3,65849/6,True
3,2,6,4,216940/3,True
3,2,6,5,257600,True
3,2,6,6,384000,True
3,3,7,0,1,True
3,3,7,1,467/8,True
3,3,7,2,2993/2,True
3,3,7,3,84889/4,True
3,3,7,4,172872,True
3,3,7,5,757440,True
3,3,7,6,1382400,True
3,4,8,0,1,True
3,4,8,1,70,True
3,4,8,2,103123/48,True
3,4,8,3,327365/9,True
3,4,8,4,3172708/9,True
3,4,8,5,1831424,True
3,4,8,6,3951360,True
3,5,9,0,1,True
3,5,9,1,653/8,True
3,5,9,2,46673/16,True
3,5,9,3,344293/6,True
3,5,9,4,1933472/3,True
3,5,9,5,3870720,True
3,5,9,6,9633792,True
3,6,10,0,1,True
3,6,10,1,373/4,True
3,6,10,2,7605/2,True
3,6,10,3,170399/2,True
3,6,10,4,1087812,True
3,6,10,5,7413120,True
3,6,10,6,20901888,True
3,7,11,0,1,True
3,7,11,1,839/8,True
3,7,11,2,115313/24,True
3,7,11,3,4348019/36,True
3,7,11,4,15546040/9,True
3,7,11,5,13166400,True
3,7,11,6,41472000,True
3,8,12,0,1,True
3,8,12,1,233/2,True
3,8,12,2,94779/16,True
3,8,12,3,165071,True
3,8,12,4,2613732,True
3,8,12,5,22031680,True
3,8,12,6,76665600,True
4,0,5,0,1,True
4,0,5,1,195/4,True
4,0,5,2,70955/64,True
4,0,5,3,92885/6,True
4,0,5,4,9387755/64,True
4,0,5,5,53059499/54,True
4,0,5,6,126791620/27,True
4,0,5,7,425104640/27,True
4,0,5,8,35246080,True
4,1,6,0,1,True
4,1,6,1,68,True
4,1,6,2,69341/32,True
4,1,6,3,5441531/128,True
4,1,6,4,36208967/64,True
4,1,6,5,15911444/3,True
4,1,6,6,317212049/9,True
4,1,6,7,488851760/3,True
4,1,6,8,498633600,True
4,2,7,0,1,True
4,2,7,1,349/4,True
4,2,7,2,228361/64,True
4,2,7,3,2871963/32,True
4,2,7,4,293268809/192,True
4,2,7,5,72967259/4,True
4,2,7,6,461182460/3,True
4,2,7,7,896952000,True
4,2,7,8,3447889920,True
4,3,8,0,1,True
4,3,8,1,213/2,True
4,3,8,2,42499/8,True
4,3,8,3,31246237/192,True
4,3,8,4,323079617/96,True
4,3,8,5,5258999143/108,True
4,3,8,6,13381190852/27,True
4,3,8,7,93999136112/27,True
4,3,8,8,16065445760,True
4,4,9,0,1,True
4,4,9,1,503/4,True
4,4,9,2,473575/64,True
4,4,9,3,8545191/32,True
4,4,9,4,415542579/64,True
4,4,9,5,661280125/6,True
4,4,9,6,11816641196/9,True
4,4,9,7,10771908096,True
4,4,9,8,57937969152,True
4,5,10,0,1,True
4,5,10,1,145,True
4,5,10,2,314555/32,True
4,5,10,3,52247985/128,True
4,5,10,4,2189263195/192,True
4,5,10,5,887930289/4,True
4,5,10,6,9083027575/3,True
4,5,10,7,28393230240,True
4,5,10,8,174303601920,True
4,6,11,0,1,True
4,6,11,1,657/4,True
4,6,11,2,806597/64,True
4,6,11,3,28403551/48,True
4,6,11,4,3583913801/192,True
4,6,11,5,44258068939/108,True
4,6,11,6,6294515836,True
4,6,11,7,1792611500480/27,True
4,6,11,8,457903718400,True
4,7,12,0,1,True
4,7,12,1,367/2,True
4,7,12,2,251509/16,True
4,7,12,3,26343883/32,True
4,7,12,4,231486961/8,True
4,7,12,5,1414081267/2,True
4,7,12,6,12074287060,True
4,7,12,7,141451532640,True
4,7,12,8,1082562877440,True
4,8,13,0,1,True
4,8,13,1,811/4,True
4,8,13,2,1227427/64,True
4,8,13,3,17732061/16,True
4,8,13,4,2748316603/64,True
4,8,13,5,2311331437/2,True
4,8,13,6,21716973516,True
4,8,13,7,279729444096,True
4,8,13,8,2352107704320,True
5,0,6,0,1,True
5,0,6,1,175/2,True
5,0,6,2,29385/8,True
5,0,6,3,6282695/64,True
5,0,6,4,1911721725/1024,True
5,0,6,5,82104895249/3072,True
5,0,6,6,19009147275/64,True
5,0,6,7,333273056735/128,True
5,0,6,8,217324131785/12,True
5,1,7,0,1,True
5,1,7,1,465/4,True
5,1,7,2,416227/64,True
5,1,7,3,89159191/384,True
5,1,7,4,36289437043/6144,True
5,1,7,5,347473554941/3072,True
5,1,7,6,5158056040505/3072,True
5,1,7,7,3764186422589/192,True
5,1,7,8,26050415699051/144,True
5,2,8,0,1,True
5,2,8,1,145,True
5,2,8,2,161959/16,True
5,2,8,3,43285859/96,True
5,2,8,4,10982393299/768,True
5,2,8,5,4712599594895/13824,True
5,2,8,6,2715578317691/432,True
5,2,8,7,26188530362657/288,True
5,2,8,8,83951280630427/81,True
5,3,9,0,1,True
5,3,9,1,695/4,True
5,3,9,2,929907/64,True
5,3,9,3,49584623/64,True
5,3,9,4,30086349825/1024,True
5,3,9,5,5138083354193/6144,True
5,3,9,6,4704740358279/256,True
5,3,9,7,10117940420149/32,True
5,3,9,8,51324366446699/12,True
5,4,10,0,1,True
5,4,10,1,405/2,True
5,4,10,2,157805/8,True
5,4,10,3,235055465/192,True
5,4,10,4,165831730115/3072,True
5,4,10,5,2740491561491/1536,True
5,4,10,6,2909575749235/64,True
5,4,10,7,1043108805484955/1152,True
5,4,10,8,509642655782545/36,True
5,5,11,0,1,True
5,5,11,1,925/4,True
5,5,11,2,1645435/64,True
5,5,11,3,698811845/384,True
5,5,11,4,561750920705/6144,True
5,5,11,5,190190394973847/55296,True
5,5,11,6,2754611509864745/27648,True
5,5,11,7,3893279941880875/1728,True
5,5,11,8,51769298913462395/1296,True
5,6,12,0,1,True
5,6,12,1,260,True
5,6,12,2,519723/16,True
5,6,12,3,82622443/32,True
5,6,12,4,2328892437/16,True
5,6,12,5,785706505829/128,True
5,6,12,6,3186118387085/16,True
5,6,12,7,20152535278113/4,True
5,6,12,8,99836199149674,True
5,7,13,0,1,True
5,7,13,1,1155/4,True
5,7,13,2,2562811/64,True
5,7,13,3,42373193/12,True
5,7,13,4,338966881483/1536,True
5,7,13,5,31669770902615/3072,True
5,7,13,6,1480657516957/4,True
5,7,13,7,248572440659761/24,True
5,7,13,8,1360755127892327/6,True
5,8,14,0,1,True
5,8,14,1,635/2,True
5,8,14,2,387149/8,True
5,8,14,3,900044629/192,True
5,8,14,4,988050338215/3072,True
5,8,14,5,455752829364571/27648,True
5,8,14,6,1121317583584727/1728,True
5,8,14,7,68746824462281797/3456,True
5,8,14,8,17168151576796847/36,True
6,0,7,0,1,True
6,0,7,1,1141/8,True
6,0,7,2,633605/64,True
6,0,7,3,227868445/512,True
6,0,7,4,3721423125/256,True
6,0,7,5,4505734488703/12288,True
6,0,7,6,1456537375925471/196608,True
6,0,7,7,64329275231133465/524288,True
6,0,7,8,6925906864185645/4096,True
6,1,8,0,1,True
6,1,8,1,731/4,True
6,1,8,2,195475/12,True
6,1,8,3,542626643/576,True
6,1,8,4,5073743545/128,True
6,1,8,5,35640579684967/27648,True
6,1,8,6,3714327330953687/110592,True
6,1,8,7,237876575326795873/331776,True
6,1,8,8,1582616247506710321/124416,True
6,2,9,0,1,True
6,2,9,1,1783/8,True
6,2,9,2,1551305/64,True
6,2,9,3,2627542217/1536,True
6,2,9,4,134893596733/1536,True
6,2,9,5,14265972173125/4096,True
6,2,9,6,1811483333045085/16384,True
6,2,9,7,376476070106241031/131072,True
6,2,9,8,63403261913756059/1024,True
6,3,10,0,1,True
6,3,10,1,263,True
6,3,10,2,134995/4,True
6,3,10,3,179797935/64,True
6,3,10,4,174107189805/1024,True
6,3,10,5,48803056712369/6144,True
6,3,10,6,303864233141867/1024,True
6,3,10,7,111345856315762285/12288,True
6,3,10,8,2817611223895813595/12288,True
6,4,11,0,1,True
6,4,11,1,2425/8,True
6,4,11,2,8605135/192,True
6,4,11,3,19799281945/4608,True
6,4,11,4,459735708485/1536,True
6,4,11,5,889257329248457/55296,True
6,4,11,6,1221543322862840255/1769472,True
6,4,11,7,1027641712723790659805/42467328,True
6,4,11,8,1397731423250781220885/1990656,True
6,5,12,0,1,True
6,5,12,1,1373/4,True
6,5,12,2,459585/8,True
6,5,12,3,1196413055/192,True
6,5,12,4,376955294365/768,True
6,5,12,5,15257511029387/512,True
6,5,12,6,1109263437448681/768,True
6,5,12,7,350916472444839475/6144,True
6,5,12,8,717284247669732175/384,True
6,6,13,0,1,True
6,6,13,1,3067/8,True
6,6,13,2,4584825/64,True
6,6,13,3,4439904471/512,True
6,6,13,4,195036774125/256,True
6,6,13,5,316789911389441/6144,True
6,6,13,6,34207875899918243/12288,True
6,6,13,7,12046103562784683737/98304,True
6,6,13,8,27388013886330048899/6144,True
6,7,14,0,1,True
6,7,14,1,847/2,True
6,7,14,2,2097305/24,True
6,7,14,3,6725594687/576,True
6,7,14,4,3476888188991/3072,True
6,7,14,5,2335241931437695/27648,True
6,7,14,6,277899768876333415/55296,True
6,7,14,7,161671811609109953081/663552,True
6,7,14,8,4855009462403601257659/497664,True
6,8,15,0,1,True
6,8,15,1,3709/8,True
6,8,15,2,6700645/64,True
6,8,15,3,7835617765/512,True
6,8,15,4,12977094555/8,True
6,8,15,5,1625867436123913/12288,True
6,8,15,6,563647849347162573/65536,True
6,8,15,7,716064276358844025755/1572864,True
6,8,15,8,122219691284688740725/6144,True
7,0,8,0,1,True
7,0,8,1,217,True
7,0,8,2,184849/8,True
7,0,8,3,38598343/24,True
7,0,8,4,63139436885/768,True
7,0,8,5,1419860303561/432,True
7,0,8,6,5906652608483501/55296,True
7,0,8,7,106752272639789741/36864,True
7,0,8,8,353889719791326548921/5308416,True
7,1,9,0,1,True
7,1,9,1,2163/8,True
7,1,9,2,2299377/64,True
7,1,9,3,1600001203/512,True
7,1,9,4,1598842779/8,True
7,1,9,5,81958821881983/8192,True
7,1,9,6,6674833948611771/16384,True
7,1,9,7,5442900421153275461/393216,True
7,1,9,8,52343073792448121337/131072,True
7,2,10,0,1,True
7,2,10,1,1295/4,True
7,2,10,2,412281/8,True
7,2,10,3,343749751/64,True
7,2,10,4,1264498293755/3072,True
7,2,10,5,303379289969903/12288,True
7,2,10,6,22195904580967165/18432,True
7,2,10,7,7222671065357059247/147456,True
7,2,10,8,62320688489341243291/36864,True
7,3,11,0,1,True
7,3,11,1,3017/8,True
7,3,11,2,4475405/64,True
7,3,11,3,13038183835/1536,True
7,3,11,4,96954773315/128,True
7,3,11,5,5848128223616189/110592,True
7,3,11,6,5309208244633001351/1769472,True
7,3,11,7,2008482101823318929495/14155776,True
7,3,11,8,241580314404126736181155/42467328,True
7,4,12,0,1,True
7,4,12,1,861/2,True
7,4,12,2,91107,True
7,4,12,3,201900955/16,True
7,4,12,4,164397522995/128,True
7,4,12,5,157016145617641/1536,True
7,4,12,6,243637381505488727/36864,True
7,4,12,7,26238757916118493171/73728,True
7,4,12,8,4788401649197425770335/294912,True
7,5,13,0,1,True
7,5,13,1,3871/8,True
7,5,13,2,7364577/64,True
7,5,13,3,9166945399/512,True
7,5,13,4,3143159856605/1536,True
7,5,13,5,4492747736280193/24576,True
7,5,13,6,244397158044109627/18432,True
7,5,13,7,236087001335958481883/294912,True
7,5,13,8,8046112295042996758723/196608,True
7,6,14,0,1,True
7,6,14,1,2149/4,True
7,6,14,2,567287/4,True
7,6,14,3,4701392003/192,True
7,6,14,4,9536802801211/3072,True
7,6,14,5,34008292273628813/110592,True
7,6,14,6,56953233771268051/2304,True
7,6,14,7,182830249417334030897/110592,True
7,6,14,8,248349634091539446005953/2654208,True
7,7,15,0,1,True
7,7,15,1,4725/8,True
7,7,15,2,10966893/64,True
7,7,15,3,16643769933/512,True
7,7,15,4,2317691314785/512,True
7,7,15,5,6049627260109783/12288,True
7,7,15,6,2846452168815882445/65536,True
7,7,15,7,1670670162642231436881/524288,True
7,7,15,8,311043711433183922328331/1572864,True
7,8,16,0,1,True
7,8,16,1,644,True
7,8,16,2,1629435/8,True
7,8,16,3,168435615/4,True
7,8,16,4,1635426696975/256,True
7,8,16,5,72642103013567/96,True
7,8,16,6,446527649539969117/6144,True
7,8,16,7,2970960458060084765/512,True
7,8,16,8,25672704216280622784285/65536,True
8,0,9,0,1,True
8,0,9,1,627/2,True
8,0,9,2,1551081/32,True
8,0,9,3,630534989/128,True
8,0,9,4,1515355749369/4096,True
8,0,9,5,22407913272297/1024,True
8,0,9,6,17378661973721475/16384,True
8,0,9,7,709145040976284301/16384,True
8,0,9,8,794593803111748143837/524288,True
8,1,10,0,1,True
8,1,10,1,382,True
8,1,10,2,2305695/32,True
8,1,10,3,3433957133/384,True
8,1,10,4,2521933308449/3072,True
8,1,10,5,182477701594057/3072,True
8,1,10,6,346462920519381755/98304,True
8,1,10,7,23084481639861300385/131072,True
8,1,10,8,5941084805901615503779/786432,True
8,2,11,0,1,True
8,2,11,1,901/2,True
8,2,11,2,1603987/16,True
8,2,11,3,1409542699/96,True
8,2,11,4,19548784750165/12288,True
8,2,11,5,15025932272375009/110592,True
8,2,11,6,1870638707802128623/196608,True
8,2,11,7,1985554917768393011471/3538944,True
8,2,11,8,1071690119792446638488323/37748736,True
8,3,12,0,1,True
8,3,12,1,519,True
8,3,12,2,2128959/16,True
8,3,12,3,1436916109/64,True
8,3,12,4,1434758558319/512,True
8,3,12,5,423367455757181/1536,True
8,3,12,6,68270649660810493/3072,True
8,3,12,7,2316763792142274869/1536,True
8,3,12,8,8631521491307774802299/98304,True
8,4,13,0,1,True
8,4,13,1,1175/2,True
8,4,13,2,5455527/32,True
8,4,13,3,12501185405/384,True
8,4,13,4,56492498517911/12288,True
8,4,13,5,523764388240353/1024,True
8,4,13,6,1528034221102566415/32768,True
8,4,13,7,527486196218890723753/147456,True
8,4,13,8,246698336477054766911065/1048576,True
8,5,14,0,1,True
8,5,14,1,656,True
8,5,14,2,6800801/32,True
8,5,14,3,17394487747/384,True
8,5,14,4,21928921793443/3072,True
8,5,14,5,6123806147070941/6912,True
8,5,14,6,8854858919293145395/98304,True
8,5,14,7,27260140838808499373731/3538944,True
8,5,14,8,2996623307714609823158209/5308416,True
8,6,15,0,1,True
8,6,15,1,1449/2,True
8,6,15,2,2073435/8,True
8,6,15,3,3903109063/64,True
8,6,15,4,43446438056427/4096,True
8,6,15,5,5949717121668971/4096,True
8,6,15,6,32026477700001808205/196608,True
8,6,15,7,2013195785171484594805/131072,True
8,6,15,8,5203631299351866000812983/4194304,True
8,7,16,0,1,True
8,7,16,1,793,True
8,7,16,2,1241793/4,True
8,7,16,3,7672733999/96,True
8,7,16,4,1459706578435/96,True
8,7,16,5,291459862467151/128,True
8,7,16,6,3430229775080125493/12288,True
8,7,16,7,471292932591544942561/16384,True
8,7,16,8,748592388454791651268271/294912,True
8,8,17,0,1,True
8,8,17,1,1723/2,True
8,8,17,2,11722613/32,True
8,8,17,3,39328583299/384,True
8,8,17,4,259947653053411/12288,True
8,8,17,5,95070239870458493/27648,True
8,8,17,6,1873684355384801649/4096,True
8,8,17,7,3770102453735330998907/73728,True
8,8,17,8,207816028134648340542364393/42467328,True
