j,n,d,level,value
1,0,2,L2,2
1,0,2,L4,-2
1,0,2,L6,8/3
1,0,2,L8,-4
1,1,3,L2,4
1,1,3,L4,-8
1,1,3,L6,64/3
1,1,3,L8,-64
1,2,4,L2,6
1,2,4,L4,-18
1,2,4,L6,72
1,2,4,L8,-324
1,3,5,L2,8
1,3,5,L4,-32
1,3,5,L6,512/3
1,3,5,L8,-1024
1,4,6,L2,10
1,4,6,L4,-50
1,4,6,L6,1000/3
1,4,6,L8,-2500
1,5,7,L2,12
1,5,7,L4,-72
1,5,7,L6,576
1,5,7,L8,-5184
1,6,8,L2,14
1,6,8,L4,-98
1,6,8,L6,2744/3
1,6,8,L8,-9604
1,7,9,L2,16
1,7,9,L4,-128
1,7,9,L6,4096/3
1,7,9,L8,-16384
1,8,10,L2,18
1,8,10,L4,-162
1,8,10,L6,1944
1,8,10,L8,-26244
2,0,3,L2,71/8
2,0,3,L4,-1457/128
2,0,3,L6,25367/1536
2,0,3,L8,-353377/16384
2,1,4,L2,59/4
2,1,4,L4,-985/32
2,1,4,L6,12131/192
2,1,4,L8,-30193/1024
2,2,5,L2,165/8
2,2,5,L4,-7769/128
2,2,5,L6,88863/512
2,2,5,L8,-850673/16384
2,3,6,L2,53/2
2,3,6,L4,-809/8
2,3,6,L6,9077/24
2,3,6,L8,-11281/64
2,4,7,L2,259/8
2,4,7,L4,-19465/128
2,4,7,L6,1087003/1536
2,4,7,L8,-9066577/16384
2,5,8,L2,153/4
2,5,8,L4,-6833/32
2,5,8,L6,76323/64
2,5,8,L8,-1431137/1024
2,6,9,L2,353/8
2,6,9,L4,-36545/128
2,6,9,L6,2862113/1536
2,6,9,L8,-48934273/16384
2,7,10,L2,50
2,7,10,L4,-368
2,7,10,L6,8252/3
2,7,10,L8,-5662
2,8,11,L2,447/8
2,8,11,L4,-59009/128
2,8,11,L6,1989141/512
2,8,11,L8,-161025281/16384
3,0,4,L2,47/2
3,0,4,L4,-555/16
3,0,4,L6,3377/96
3,0,4,L8,44191/512
3,1,5,L2,281/8
3,1,5,L4,-28363/384
3,1,5,L6,234799/4608
3,1,5,L8,52051213/49152
3,2,6,L2,187/4
3,2,6,L4,-4205/32
3,2,6,L6,17069/192
3,2,6,L8,4191455/1024
3,3,7,L2,467/8
3,3,7,L4,-26537/128
3,3,7,L6,262763/1536
3,3,7,L8,176907375/16384
3,4,8,L2,70
3,4,8,L4,-14477/48
3,4,8,L6,23005/72
3,4,8,L8,35616989/1536
3,5,9,L2,653/8
3,5,9,L4,-53025/128
3,5,9,L6,284819/512
3,5,9,L8,715793887/16384
3,6,10,L2,373/4
3,6,10,L4,-17449/32
3,6,10,L6,173461/192
3,6,10,L8,76933231/1024
3,7,11,L2,839/8
3,7,11,L4,-266755/384
3,7,11,L6,6373021/4608
3,7,11,L8,5935174525/49152
3,8,12,L2,233/2
3,8,12,L4,-13799/16
3,8,12,L6,193643/96
3,8,12,L8,94309815/512
4,0,5,L2,195/4
4,0,5,L4,-5095/64
4,0,5,L6,40105/768
4,0,5,L8,1901015/8192
4,1,6,L2,68
4,1,6,L4,-4643/32
4,1,6,L6,-10367/384
4,1,6,L8,3360599/2048
4,2,7,L2,349/4
4,2,7,L4,-15241/64
4,2,7,L6,-132659/768
4,2,7,L8,146421325/24576
4,3,8,L2,213/2
4,3,8,L4,-1435/4
4,3,8,L6,-72431/192
4,3,8,L8,2971795/192
4,4,9,L2,503/4
4,4,9,L4,-32443/64
4,4,9,L6,-485983/768
4,4,9,L8,270845567/8192
4,5,10,L2,145
4,5,10,L4,-21845/32
4,5,10,L6,-357745/384
4,5,10,L8,381766565/6144
4,6,11,L2,657/4
4,6,11,L4,-56701/64
4,6,11,L6,-972299/768
4,6,11,L8,2622082453/24576
4,7,12,L2,367/2
4,7,12,L4,-17869/16
4,7,12,L6,-39077/24
4,7,12,L8,87699775/512
4,8,13,L2,811/4
4,8,13,L4,-88015/64
4,8,13,L6,-1544039/768
4,8,13,L8,2138496775/8192
5,0,6,L2,175/2
5,0,6,L4,-155
5,0,6,L6,14585/192
5,0,6,L8,-827075/1024
5,1,7,L2,465/4
5,1,7,L4,-16223/64
5,1,7,L6,-139783/768
5,1,7,L8,-31000655/24576
5,2,8,L2,145
5,2,8,L4,-6241/16
5,2,8,L6,-62471/96
5,2,8,L8,15425/512
5,3,9,L2,695/4
5,3,9,L4,-36143/64
5,3,9,L6,-1031119/768
5,3,9,L8,43178831/8192
5,4,10,L2,405/2
5,4,10,L4,-1555/2
5,4,10,L6,-435835/192
5,4,10,L8,53012915/3072
5,5,11,L2,925/4
5,5,11,L4,-65815/64
5,5,11,L6,-2645935/768
5,5,11,L8,322569715/8192
5,6,12,L2,260
5,6,12,L4,-21077/16
5,6,12,L6,-468551/96
5,6,12,L8,38711975/512
5,7,13,L2,1155/4
5,7,13,L4,-105239/64
5,7,13,L6,-5060263/768
5,7,13,L8,3207873685/24576
5,8,14,L2,635/2
5,8,14,L4,-4019/2
5,8,14,L6,-1647751/192
5,8,14,L8,214322157/1024
6,0,7,L2,1141/8
6,0,7,L4,-34671/128
6,0,7,L6,221641/1536
6,0,7,L8,-111989171/16384
6,1,8,L2,731/4
6,1,8,L4,-39283/96
6,1,8,L6,-14149/36
6,1,8,L8,-46234327/3072
6,2,9,L2,1783/8
6,2,9,L4,-76479/128
6,2,9,L6,-690847/512
6,2,9,L8,-433296787/16384
6,3,10,L2,263
6,3,10,L4,-3343/4
6,3,10,L6,-530467/192
6,3,10,L8,-40961411/1024
6,4,11,L2,2425/8
6,4,11,L4,-431605/384
6,4,11,L6,-21528305/4608
6,4,11,L8,-2664330505/49152
6,5,12,L2,1373/4
6,5,12,L4,-46789/32
6,5,12,L6,-683029/96
6,5,12,L8,-68672921/1024
6,6,13,L2,3067/8
6,6,13,L4,-236839/128
6,6,13,L6,-15559649/1536
6,6,13,L8,-1246656899/16384
6,7,14,L2,847/2
6,7,14,L4,-27461/12
6,7,14,L6,-7923181/576
6,7,14,L8,-240581761/3072
6,8,15,L2,3709/8
6,8,15,L4,-355391/128
6,8,15,L6,-27693791/1536
6,8,15,L8,-1151443731/16384
7,0,8,L2,217
7,0,8,L4,-3507/8
7,0,8,L6,679/2
7,0,8,L8,-6709563/256
7,1,9,L2,2163/8
7,1,9,L4,-79815/128
7,1,9,L6,-302999/512
7,1,9,L8,-881654931/16384
7,2,10,L2,1295/4
7,2,10,L4,-27901/32
7,2,10,L6,-213371/96
7,2,10,L8,-73320781/768
7,3,11,L2,3017/8
7,3,11,L4,-151479/128
7,3,11,L6,-2366969/512
7,3,11,L8,-7507745993/49152
7,4,12,L2,861/2
7,4,12,L4,-12465/8
7,4,12,L6,-125807/16
7,4,12,L8,-29049739/128
7,5,13,L2,3871/8
7,5,13,L4,-255487/128
7,5,13,L6,-18451193/1536
7,5,13,L8,-15686750921/49152
7,6,14,L2,2149/4
7,6,14,L4,-79905/32
7,6,14,L6,-274267/16
7,6,14,L8,-330352057/768
7,7,15,L2,4725/8
7,7,15,L4,-391839/128
7,7,15,L6,-11940117/512
7,7,15,L8,-9183315603/16384
7,8,16,L2,644
7,8,16,L4,-29509/8
7,8,16,L6,-367429/12
7,8,16,L8,-181896739/256
8,0,9,L2,627/2
8,0,9,L4,-21435/32
8,0,9,L6,102791/128
8,0,9,L8,-304560057/4096
8,1,10,L2,382
8,1,10,L4,-29089/32
8,1,10,L6,-248843/384
8,1,10,L8,-868100449/6144
8,2,11,L2,901/2
8,2,11,L4,-19615/16
8,2,11,L6,-151679/48
8,2,11,L8,-990083905/4096
8,3,12,L2,519
8,3,12,L4,-25929/16
8,3,12,L6,-437783/64
8,3,12,L8,-97664325/256
8,4,13,L2,1175/2
8,4,13,L4,-66973/32
8,4,13,L6,-4529945/384
8,4,13,L8,-6962602463/12288
8,5,14,L2,656
8,5,14,L4,-84575/32
8,5,14,L6,-6964477/384
8,5,14,L8,-1644888191/2048
8,6,15,L2,1449/2
8,6,15,L4,-13083/4
8,6,15,L6,-1661933/64
8,6,15,L8,-4494813141/4096
8,7,16,L2,793
8,7,16,L4,-15905/4
8,7,16,L6,-3398153/96
8,7,16,L8,-139732375/96
8,8,17,L2,1723/2
8,8,17,L4,-152303/32
8,8,17,L6,-17868823/384
8,8,17,L8,-7717497505/4096
