k,r,values_q0_to_q7,q_binomial_coeffs,q_binomial_nonnegative,q_monomial_nonnegative
0,0,1;1;1;1;1;1;1;1,1,True,True
1,0,2;71/8;47/2;195/4;175/2;1141/8;217;627/2,2;55/8;31/4;23/8,True,True
1,1,2;47/8;93/8;77/4;115/4;321/8;427/8;137/2,2;31/8;15/8,True,True
2,0,0;28;3863/16;70955/64;29385/8;633605/64;184849/8;1551081/32,0;28;2967/16;29975/64;9201/16;22195/64;2645/32,True,True
2,1,0;50;3619/12;67727/64;181147/64;1226785/192;820585/64;377307/16,0;50;2419/12;19423/64;13247/64;1725/32,True,True
2,2,0;24;5605/48;343;25231/32;149765/96;89143/32;147665/32,0;24;3301/48;1035/16;675/32,True,True
3,0,0;32;1383;92885/6;6282695/64;227868445/512;38598343/24;630534989/128,0;32;1319;68567/6;8527445/192;146470415/1536;31071725/256;46864685/512,True,False
3,1,0;112;29666/9;10379953/384;51463021/384;2290197139/4608;2329709657/1536;771176083/192,0;112;27650/9;2237243/128;17365673/384;99566933/1536;27204389/512;6012133/256,True,False
3,2,0;128;53989/18;3879505/192;1355051/16;78213523/288;560140379/768;220620499/128,0;128;49381/18;2225585/192;21352;499799/24;2654489/256;552211/256,True,False
3,3,0;48;11429/12;710315/128;2619611/128;44965799/768;36319773/256;19541783/64,0;48;10277/12;363019/128;485231/128;622043/256;147457/256;2209/128,True,False
4,0,0;0;4644;9387755/64;1911721725/1024;3721423125/256;63139436885/768;1515355749369/4096,0;0;4644;8496107/64;1339438141/1024;6781570115/1024;61844510885/3072;484609041175/12288,True,False
4,1,0;0;169132/9;6705303/16;24819106693/6144;6426063965/256;90349469899/768;5541665985689/12288,0;0;169132/9;17409797/48;15212525957/6144;164171272285/18432;39988111089/2048;338049557147/12288,True,False
4,2,0;0;270760/9;3255571/6;278652111/64;35452290403/1536;289144787023/3072;163307730445/512,0;0;270760/9;2714051/6;151300175/64;29658605329/4608;32396066267/3072;33092548595/3072,True,False
4,3,0;0;64792/3;64070245/192;4779546851/2048;11204148919/1024;122728812163/3072;250830600407/2048,0;0;64792/3;51630181/192;6933813289/6144;4902409663/2048;18173324977/6144;6565437721/3072,True,False
4,4,0;0;17440/3;3814829/48;31859635/64;3242998643/1536;10803657583/1536;5073327775/256,0;0;17440/3;2977709/48;41238601/192;551294923/1536;507582965/1536;30041909/192,True,False
5,0,0;0;8640;53059499/54;82104895249/3072;4505734488703/12288;1419860303561/432;22407913272297/1024,0;0;8640;51659819/54;631711475609/27648;26849832644227/110592;9019568577793/6144;209193286284577/36864,True,False
5,1,0;0;55360;233346493/54;66342164923/768;102010708341541/110592;1485919715390309/221184;57626980888583/1536,0;0;55360;224378173/54;479901969811/6912;19654020680807/36864;176485764748739/73728;57250495618893/8192,True,False
5,2,0;0;138240;930611023/108;3909619258093/27648;70304110796483/55296;440504828313601/55296;4307592391010981/110592,0;0;138240;885821263/108;993201975887/9216;1329489091219/2048;14061549576397/6144;21443807333499/4096,True,False
5,3,0;0;168000;160161353/18;2325746300443/18432;18341103436799/18432;408490295291669/73728;897399045380695/36864,0;0;168000;151089353/18;1688304854555/18432;1040182303663/2304;94913967357313/73728;173114849530883/73728,True,False
5,4,0;0;99904;83768783/18;541479649823/9216;1706829729313/4096;6467752901797/3072;155930985000653/18432,0;0;99904;78373967/18;375445473823/9216;690070070293/4096;7278540996101/18432;21281600398559/36864,True,False
5,5,0;0;23360;35226325/36;68907090805/6144;2682264882235/36864;12478256367655/36864;7739209904825/6144,0;0;23360;32703445/36;137161187935/18432;967158295685/36864;1877787256295/36864;1094482898705/18432,True,False
6,0,0;0;6912;126791620/27;19009147275/64;1456537375925471/196608;5906652608483501/55296;17378661973721475/16384,0;0;6912;126231748/27;480859985321/1728;10563983714211799/1769472;59038666938037579/884736;810986673980348551/1769472,True,False
6,1,0;0;66816;824844527/27;4245616971305/3072;46320400911929753/1769472;132967295744649809/442368;242190948677052905/98304,0;0;66816;819432431/27;34843073531761/27648;34632411853374553/1769472;144774770678141879/884736;1525379088918160979/1769472,True,False
6,2,0;0;243456;2374161466/27;44581977612967/13824;89890561761680435/1769472;109756948793022167/221184;693330969409259303/196608,0;0;243456;2354441530/27;39739888145063/13824;62909718661986995/1769472;210602108851452163/884736;297833473267910273/294912,True,False
6,3,0;0;444672;3657381253/27;39258827722765/9216;34445223488328791/589824;890421041193199603/1769472;627639034317118513/196608,0;0;444672;3621362821/27;102869615304743/27648;68036228882566213/1769472;378690442008710165/1769472;1330406409264566845/1769472,True,False
6,4,0;0;437760;3149260052/27;7482741420913/2304;11744471733627317/294912;137021747509931873/442368;5493622496723245/3072,0;0;437760;3113801492/27;19241536752211/6912;21894628186254751/884736;12960688107727825/110592;306796178464477789/884736,True,False
6,5,0;0;222720;1434506470/27;6162987556025/4608;1468646925738635/98304;94283554148824565/884736;13950646489485935/24576,0;0;222720;1416466150/27;15569566705195/13824;7769442873934115/884736;31788861886139875/884736;10004806991463625/110592,True,False
6,6,0;0;46080;90027380/9;59141715495/256;39025259279205/16384;258271996132745/16384;320594090866995/4096,0;0;46080;88783220/9;440724412255/2304;195581331101645/147456;698670135703235/147456;752605572402275/73728,True,False
7,0,0;0;0;425104640/27;333273056735/128;64329275231133465/524288;106752272639789741/36864;709145040976284301/16384,0;0;0;425104640/27;8780718956165/3456;1554832534403381155/14155776;15559966284681134807/7077888;360943699621794558911/14155776,True,False
7,1,0;0;0;3974561200/27;6528553674973/384;25237530348108061079/42467328;12912628538986554671/1179648;17411321312051025977/131072,0;0;0;3974561200/27;56722007740357/3456;21690015750267758999/42467328;54022417258443545987/7077888;321358049761928124395/4718592,True,False
7,2,0;0;0;15843476960/27;62583341890175/1152;66292514724484161221/42467328;14270019360205046461/589824;892168238066760199697/3538944,0;0;0;15843476960/27;179638165467005/3456;55006349492739239621/42467328;12292481437565653279/786432;536244062737849938229/4718592,True,False
7,3,0;0;0;3791101888/3;38246462956489/384;35003490971925326465/14155776;475193207791360355603/14155776;91485558980709182161/294912,0;0;0;3791101888/3;36305418789833/384;28132789550184290945/14155776;285963252855430520333/14155776;27364166777911973473/221184,True,False
7,4,0;0;0;14325879808/9;63654548527873/576;17280656671271286653/7077888;105346714573687172821/3538944;16328785541229392845/65536,0;0;0;14325879808/9;19995707765675/192;13482384512810420093/7077888;29629242224555218991/1769472;624566397847804184599/7077888,True,False
7,5,0;0;0;3533018800/3;127229108615335/1728;386955296072397095/262144;116377231628288213245/7077888;111928894586523383345/884736,0;0;0;3533018800/3;119089033300135/1728;7925495220740308765/7077888;61340721355430770255/7077888;141123181727710534655/3538944,True,False
7,6,0;0;0;475589920;3915742549615/144;147944849729482055/294912;6097418204694332645/1179648;10900777781913693635/294912,0;0;0;475589920;3641802755695/144;109250217766294855/294912;3016687681724491325/1179648;12245465372673511445/1179648,True,False
7,7,0;0;0;243312160/3;1235444128555/288;28934919015269155/393216;835149436009165585/1179648;699727490545776245/147456,0;0;0;243312160/3;1142012259115/288;62459603636066665/1179648;388313096306608795/1179648;700454549097546215/589824,True,False
8,0,0;0;0;35246080;217324131785/12;6925906864185645/4096;353889719791326548921/5308416;794593803111748143837/524288,0;0;0;35246080;215632319945/12;19669352076128135/12288;301472184621260791001/5308416;46025371554073876897781/42467328,True,False
8,1,0;0;0;463387520;23442526117631/144;10977934612056570833/995328;3532009537605644730455/10616832;9498388202467986576047/1572864,0;0;0;463387520;23175614906111/144;10172373135166309073/995328;317249876307668882207/1179648;167155160705939277924977/42467328,True,False
8,2,0;0;0;2485868800;448892006868347/648;37989105988060635947/995328;159008746408380242329/165888;558556732249937416481803/37748736,0;0;0;2485868800;442448634938747/648;34566357923521394987/995328;61367569105312085431/82944;3011559468321515994450019/339738624,True,False
8,3,0;0;0;7182430720;731086774541531/432;829608249658460095/10368;24748788317630786971885/14155776;99748816834514708311751/4194304,0;0;0;7182430720;718675534257371/432;742622511130525975/10368;18309947850243178416365/14155776;1490898848624856662997797/113246208,True,False
8,4,0;0;0;12404237312;276665690398799/108;71177849341303148809/663552;7413639402463907247469/3538944;53877016242824724057095/2097152,0;0;0;12404237312;271307059880015/108;62760987897020565769/663552;5271056985662826599501/3538944;746850276772529518912525/56623104,True,False
8,5,0;0;0;13247236480;1590264717197705/648;61652834612776109975/663552;11690757122772054752795/7077888;3151852477756941340330355/169869312,0;0;0;13247236480;1555927880241545/648;53598581563331629975/663552;8003649429697756616795/7077888;1504738938081779439364795/169869312,True,False
8,6,0;0;0;8604522240;156948260391175/108;11165799041260583405/221184;976432352067789601985/1179648;30496937748786129513575/3538944,0;0;0;8604522240;153231106783495/108;9577680681326273005/221184;644638179580913614625/1179648;6782315897315533560785/1769472,True,False
8,7,0;0;0;3123671040;26284162296245/54;3469198229453106605/221184;565229478710527817935/2359296;66035441874383604271495/28311552,0;0;0;3123671040;25609449351605/54;2937807646179122605/221184;360278987336196361615/2359296;27402149281727933562395/28311552,True,False
8,8,0;0;0;487065600;1908134519410/27;818091919898855/384;2252483387413407575/73728;495682288931988623815/1769472,0;0;0;487065600;1855531434610/27;6158454173803295/3456;154164497572647135/8192;192083560829014382255/1769472,True,False
